<?xml version="1.0" encoding="UTF-8"?>
<EtherCATInfo>
  <Vendor>
    <Id>#x1337</Id>
    <Name LcId="1033">rt-labs</Name>
  </Vendor>
  <Descriptions>
    <Groups>
      <Group>
        <Type>sdk test</Type>
        <Name LcId="1033">sdk test</Name>
      </Group>
    </Groups>
    <Devices>
      <Device Physics="YY">
        <Type ProductCode="#x3030" RevisionNo="0">slave30</Type>
        <Name LcId="1033">slave30 product</Name>
        <GroupType>sdk test</GroupType>
        <Profile>
          <ProfileNo>5001</ProfileNo>
          <AddInfo>0</AddInfo>
          <Dictionary>
            <DataTypes>
              <DataType>
                <Name>DT1018</Name>
                <BitSize>144</BitSize>
                <SubItem>
                  <SubIdx>0</SubIdx>
                  <Name>Max SubIndex</Name>
                  <Type>USINT</Type>
                  <BitSize>8</BitSize>
                  <BitOffs>0</BitOffs>
                  <Flags>
                    <Access>ro</Access>
                  </Flags>
                </SubItem>
                <SubItem>
                  <SubIdx>1</SubIdx>
                  <Name>Vendor ID</Name>
                  <Type>UDINT</Type>
                  <BitSize>32</BitSize>
                  <BitOffs>16</BitOffs>
                  <Flags>
                    <Access>ro</Access>
                  </Flags>
                </SubItem>
                <SubItem>
                  <SubIdx>2</SubIdx>
                  <Name>Product Code</Name>
                  <Type>UDINT</Type>
                  <BitSize>32</BitSize>
                  <BitOffs>48</BitOffs>
                  <Flags>
                    <Access>ro</Access>
                  </Flags>
                </SubItem>
                <SubItem>
                  <SubIdx>3</SubIdx>
                  <Name>Revision Number</Name>
                  <Type>UDINT</Type>
                  <BitSize>32</BitSize>
                  <BitOffs>80</BitOffs>
                  <Flags>
                    <Access>ro</Access>
                  </Flags>
                </SubItem>
                <SubItem>
                  <SubIdx>4</SubIdx>
                  <Name>Serial Number</Name>
                  <Type>UDINT</Type>
                  <BitSize>32</BitSize>
                  <BitOffs>112</BitOffs>
                  <Flags>
                    <Access>ro</Access>
                  </Flags>
                </SubItem>
              </DataType>
              <DataType>
                <Name>DT1600</Name>
                <BitSize>48</BitSize>
                <SubItem>
                  <SubIdx>0</SubIdx>
                  <Name>Max SubIndex</Name>
                  <Type>USINT</Type>
                  <BitSize>8</BitSize>
                  <BitOffs>0</BitOffs>
                  <Flags>
                    <Access>ro</Access>
                  </Flags>
                </SubItem>
                <SubItem>
                  <SubIdx>1</SubIdx>
                  <Name>LED0</Name>
                  <Type>UDINT</Type>
                  <BitSize>32</BitSize>
                  <BitOffs>16</BitOffs>
                  <Flags>
                    <Access>ro</Access>
                  </Flags>
                </SubItem>
              </DataType>
              <DataType>
                <Name>DT1601</Name>
                <BitSize>48</BitSize>
                <SubItem>
                  <SubIdx>0</SubIdx>
                  <Name>Max SubIndex</Name>
                  <Type>USINT</Type>
                  <BitSize>8</BitSize>
                  <BitOffs>0</BitOffs>
                  <Flags>
                    <Access>ro</Access>
                  </Flags>
                </SubItem>
                <SubItem>
                  <SubIdx>1</SubIdx>
                  <Name>LED1</Name>
                  <Type>UDINT</Type>
                  <BitSize>32</BitSize>
                  <BitOffs>16</BitOffs>
                  <Flags>
                    <Access>ro</Access>
                  </Flags>
                </SubItem>
              </DataType>
              <DataType>
                <Name>DT1A00</Name>
                <BitSize>48</BitSize>
                <SubItem>
                  <SubIdx>0</SubIdx>
                  <Name>Max SubIndex</Name>
                  <Type>USINT</Type>
                  <BitSize>8</BitSize>
                  <BitOffs>0</BitOffs>
                  <Flags>
                    <Access>ro</Access>
                  </Flags>
                </SubItem>
                <SubItem>
                  <SubIdx>1</SubIdx>
                  <Name>Button1</Name>
                  <Type>UDINT</Type>
                  <BitSize>32</BitSize>
                  <BitOffs>16</BitOffs>
                  <Flags>
                    <Access>ro</Access>
                  </Flags>
                </SubItem>
              </DataType>
              <DataType>
                <Name>DT1C00ARR</Name>
                <BaseType>USINT</BaseType>
                <BitSize>32</BitSize>
                <ArrayInfo>
                  <LBound>1</LBound>
                  <Elements>4</Elements>
                </ArrayInfo>
              </DataType>
              <DataType>
                <Name>DT1C00</Name>
                <BitSize>48</BitSize>
                <SubItem>
                  <SubIdx>0</SubIdx>
                  <Name>Max SubIndex</Name>
                  <Type>USINT</Type>
                  <BitSize>8</BitSize>
                  <BitOffs>0</BitOffs>
                  <Flags>
                    <Access>ro</Access>
                  </Flags>
                </SubItem>
                <SubItem>
                  <Name>Elements</Name>
                  <Type>DT1C00ARR</Type>
                  <BitSize>32</BitSize>
                  <BitOffs>16</BitOffs>
                  <Flags>
                    <Access>ro</Access>
                  </Flags>
                </SubItem>
              </DataType>
              <DataType>
                <Name>DT1C12ARR</Name>
                <BaseType>UINT</BaseType>
                <BitSize>32</BitSize>
                <ArrayInfo>
                  <LBound>1</LBound>
                  <Elements>2</Elements>
                </ArrayInfo>
              </DataType>
              <DataType>
                <Name>DT1C12</Name>
                <BitSize>48</BitSize>
                <SubItem>
                  <SubIdx>0</SubIdx>
                  <Name>Max SubIndex</Name>
                  <Type>USINT</Type>
                  <BitSize>8</BitSize>
                  <BitOffs>0</BitOffs>
                  <Flags>
                    <Access>ro</Access>
                  </Flags>
                </SubItem>
                <SubItem>
                  <Name>Elements</Name>
                  <Type>DT1C12ARR</Type>
                  <BitSize>32</BitSize>
                  <BitOffs>16</BitOffs>
                  <Flags>
                    <Access>ro</Access>
                  </Flags>
                </SubItem>
              </DataType>
              <DataType>
                <Name>DT1C13ARR</Name>
                <BaseType>UINT</BaseType>
                <BitSize>16</BitSize>
                <ArrayInfo>
                  <LBound>1</LBound>
                  <Elements>1</Elements>
                </ArrayInfo>
              </DataType>
              <DataType>
                <Name>DT1C13</Name>
                <BitSize>32</BitSize>
                <SubItem>
                  <SubIdx>0</SubIdx>
                  <Name>Max SubIndex</Name>
                  <Type>USINT</Type>
                  <BitSize>8</BitSize>
                  <BitOffs>0</BitOffs>
                  <Flags>
                    <Access>ro</Access>
                  </Flags>
                </SubItem>
                <SubItem>
                  <Name>Elements</Name>
                  <Type>DT1C13ARR</Type>
                  <BitSize>16</BitSize>
                  <BitOffs>16</BitOffs>
                  <Flags>
                    <Access>ro</Access>
                  </Flags>
                </SubItem>
              </DataType>
              <DataType>
                <Name>DT6000</Name>
                <BitSize>24</BitSize>
                <SubItem>
                  <SubIdx>0</SubIdx>
                  <Name>Max SubIndex</Name>
                  <Type>USINT</Type>
                  <BitSize>8</BitSize>
                  <BitOffs>0</BitOffs>
                  <Flags>
                    <Access>ro</Access>
                  </Flags>
                </SubItem>
                <SubItem>
                  <SubIdx>1</SubIdx>
                  <Name>Button1</Name>
                  <Type>USINT</Type>
                  <BitSize>8</BitSize>
                  <BitOffs>16</BitOffs>
                  <Flags>
                    <Access>ro</Access>
                    <PdoMapping>T</PdoMapping>
                  </Flags>
                </SubItem>
              </DataType>
              <DataType>
                <Name>DT7000</Name>
                <BitSize>24</BitSize>
                <SubItem>
                  <SubIdx>0</SubIdx>
                  <Name>Max SubIndex</Name>
                  <Type>USINT</Type>
                  <BitSize>8</BitSize>
                  <BitOffs>0</BitOffs>
                  <Flags>
                    <Access>ro</Access>
                  </Flags>
                </SubItem>
                <SubItem>
                  <SubIdx>1</SubIdx>
                  <Name>LED0</Name>
                  <Type>USINT</Type>
                  <BitSize>8</BitSize>
                  <BitOffs>16</BitOffs>
                  <Flags>
                    <Access>ro</Access>
                    <PdoMapping>R</PdoMapping>
                  </Flags>
                </SubItem>
              </DataType>
              <DataType>
                <Name>DT7001</Name>
                <BitSize>24</BitSize>
                <SubItem>
                  <SubIdx>0</SubIdx>
                  <Name>Max SubIndex</Name>
                  <Type>USINT</Type>
                  <BitSize>8</BitSize>
                  <BitOffs>0</BitOffs>
                  <Flags>
                    <Access>ro</Access>
                  </Flags>
                </SubItem>
                <SubItem>
                  <SubIdx>1</SubIdx>
                  <Name>LED1</Name>
                  <Type>USINT</Type>
                  <BitSize>8</BitSize>
                  <BitOffs>16</BitOffs>
                  <Flags>
                    <Access>ro</Access>
                    <PdoMapping>R</PdoMapping>
                  </Flags>
                </SubItem>
              </DataType>
              <DataType>
                <Name>DT8000</Name>
                <BitSize>48</BitSize>
                <SubItem>
                  <SubIdx>0</SubIdx>
                  <Name>Max SubIndex</Name>
                  <Type>USINT</Type>
                  <BitSize>8</BitSize>
                  <BitOffs>0</BitOffs>
                  <Flags>
                    <Access>ro</Access>
                  </Flags>
                </SubItem>
                <SubItem>
                  <SubIdx>1</SubIdx>
                  <Name>Multiplier</Name>
                  <Type>UDINT</Type>
                  <BitSize>32</BitSize>
                  <BitOffs>16</BitOffs>
                  <Flags>
                    <Access>ro</Access>
                    <PdoMapping>TR</PdoMapping>
                  </Flags>
                </SubItem>
              </DataType>
              <DataType>
                <Name>STRING(4)</Name>
                <BitSize>32</BitSize>
              </DataType>
              <DataType>
                <Name>UDINT</Name>
                <BitSize>32</BitSize>
              </DataType>
              <DataType>
                <Name>UINT</Name>
                <BitSize>16</BitSize>
              </DataType>
              <DataType>
                <Name>STRING(7)</Name>
                <BitSize>56</BitSize>
              </DataType>
              <DataType>
                <Name>USINT</Name>
                <BitSize>8</BitSize>
              </DataType>
            </DataTypes>
            <Objects>
              <Object>
                <Index>#x1009</Index>
                <Name>Hardware Version</Name>
                <Type>STRING(4)</Type>
                <BitSize>32</BitSize>
                <Info>
                  <DefaultString>1.0</DefaultString>
                </Info>
                <Flags>
                  <Access>ro</Access>
                  <Category>o</Category>
                </Flags>
              </Object>
              <Object>
                <Index>#x100A</Index>
                <Name>Software Version</Name>
                <Type>STRING(4)</Type>
                <BitSize>32</BitSize>
                <Info>
                  <DefaultString>1.0</DefaultString>
                </Info>
                <Flags>
                  <Access>ro</Access>
                </Flags>
              </Object>
              <Object>
                <Index>#x1000</Index>
                <Name>Device Type</Name>
                <Type>UDINT</Type>
                <BitSize>32</BitSize>
                <Info>
                  <DefaultValue>#x00001389</DefaultValue>
                </Info>
                <Flags>
                  <Access>ro</Access>
                  <Category>m</Category>
                </Flags>
              </Object>
              <Object>
                <Index>#x1008</Index>
                <Name>Device Name</Name>
                <Type>STRING(7)</Type>
                <BitSize>56</BitSize>
                <Info>
                  <DefaultString>slave30</DefaultString>
                </Info>
                <Flags>
                  <Access>ro</Access>
                </Flags>
              </Object>
              <Object>
                <Index>#x1018</Index>
                <Name>Identity Object</Name>
                <Type>DT1018</Type>
                <BitSize>144</BitSize>
                <Info>
                  <SubItem>
                    <Name>Max SubIndex</Name>
                    <Info>
                      <DefaultValue>4</DefaultValue>
                    </Info>
                  </SubItem>
                  <SubItem>
                    <Name>Vendor ID</Name>
                    <Info>
                      <DefaultValue>#x1337</DefaultValue>
                    </Info>
                  </SubItem>
                  <SubItem>
                    <Name>Product Code</Name>
                    <Info>
                      <DefaultValue>#x3030</DefaultValue>
                    </Info>
                  </SubItem>
                  <SubItem>
                    <Name>Revision Number</Name>
                    <Info>
                      <DefaultValue>0</DefaultValue>
                    </Info>
                  </SubItem>
                  <SubItem>
                    <Name>Serial Number</Name>
                    <Info>
                      <DefaultValue>#x00000000</DefaultValue>
                    </Info>
                  </SubItem>
                </Info>
                <Flags>
                  <Access>ro</Access>
                </Flags>
              </Object>
              <Object>
                <Index>#x1600</Index>
                <Name>LEDgroup0</Name>
                <Type>DT1600</Type>
                <BitSize>48</BitSize>
                <Info>
                  <SubItem>
                    <Name>Max SubIndex</Name>
                    <Info>
                      <DefaultValue>1</DefaultValue>
                    </Info>
                  </SubItem>
                  <SubItem>
                    <Name>LED0</Name>
                    <Info>
                      <DefaultValue>#x70000108</DefaultValue>
                    </Info>
                  </SubItem>
                </Info>
                <Flags>
                  <Access>ro</Access>
                </Flags>
              </Object>
              <Object>
                <Index>#x1601</Index>
                <Name>LEDgroup1</Name>
                <Type>DT1601</Type>
                <BitSize>48</BitSize>
                <Info>
                  <SubItem>
                    <Name>Max SubIndex</Name>
                    <Info>
                      <DefaultValue>1</DefaultValue>
                    </Info>
                  </SubItem>
                  <SubItem>
                    <Name>LED1</Name>
                    <Info>
                      <DefaultValue>#x70010108</DefaultValue>
                    </Info>
                  </SubItem>
                </Info>
                <Flags>
                  <Access>ro</Access>
                </Flags>
              </Object>
              <Object>
                <Index>#x1A00</Index>
                <Name>Buttons</Name>
                <Type>DT1A00</Type>
                <BitSize>48</BitSize>
                <Info>
                  <SubItem>
                    <Name>Max SubIndex</Name>
                    <Info>
                      <DefaultValue>1</DefaultValue>
                    </Info>
                  </SubItem>
                  <SubItem>
                    <Name>Button1</Name>
                    <Info>
                      <DefaultValue>#x60000108</DefaultValue>
                    </Info>
                  </SubItem>
                </Info>
                <Flags>
                  <Access>ro</Access>
                </Flags>
              </Object>
              <Object>
                <Index>#x1C00</Index>
                <Name>Sync Manager Communication Type</Name>
                <Type>DT1C00</Type>
                <BitSize>48</BitSize>
                <Info>
                  <SubItem>
                    <Name>Max SubIndex</Name>
                    <Info>
                      <DefaultValue>4</DefaultValue>
                    </Info>
                  </SubItem>
                  <SubItem>
                    <Name>Communications Type SM0</Name>
                    <Info>
                      <DefaultValue>1</DefaultValue>
                    </Info>
                  </SubItem>
                  <SubItem>
                    <Name>Communications Type SM1</Name>
                    <Info>
                      <DefaultValue>2</DefaultValue>
                    </Info>
                  </SubItem>
                  <SubItem>
                    <Name>Communications Type SM2</Name>
                    <Info>
                      <DefaultValue>3</DefaultValue>
                    </Info>
                  </SubItem>
                  <SubItem>
                    <Name>Communications Type SM3</Name>
                    <Info>
                      <DefaultValue>4</DefaultValue>
                    </Info>
                  </SubItem>
                </Info>
                <Flags>
                  <Access>ro</Access>
                </Flags>
              </Object>
              <Object>
                <Index>#x1C12</Index>
                <Name>Sync Manager 2 PDO Assignment</Name>
                <Type>DT1C12</Type>
                <BitSize>48</BitSize>
                <Info>
                  <SubItem>
                    <Name>Max SubIndex</Name>
                    <Info>
                      <DefaultValue>2</DefaultValue>
                    </Info>
                  </SubItem>
                  <SubItem>
                    <Name>PDO Mapping</Name>
                    <Info>
                      <DefaultValue>#x1600</DefaultValue>
                    </Info>
                  </SubItem>
                  <SubItem>
                    <Name>PDO Mapping</Name>
                    <Info>
                      <DefaultValue>#x1601</DefaultValue>
                    </Info>
                  </SubItem>
                </Info>
                <Flags>
                  <Access>ro</Access>
                </Flags>
              </Object>
              <Object>
                <Index>#x1C13</Index>
                <Name>Sync Manager 3 PDO Assignment</Name>
                <Type>DT1C13</Type>
                <BitSize>32</BitSize>
                <Info>
                  <SubItem>
                    <Name>Max SubIndex</Name>
                    <Info>
                      <DefaultValue>1</DefaultValue>
                    </Info>
                  </SubItem>
                  <SubItem>
                    <Name>PDO Mapping</Name>
                    <Info>
                      <DefaultValue>#x1A00</DefaultValue>
                    </Info>
                  </SubItem>
                </Info>
                <Flags>
                  <Access>ro</Access>
                </Flags>
              </Object>
              <Object>
                <Index>#x6000</Index>
                <Name>Buttons</Name>
                <Type>DT6000</Type>
                <BitSize>24</BitSize>
                <Info>
                  <SubItem>
                    <Name>Max SubIndex</Name>
                    <Info>
                      <DefaultValue>1</DefaultValue>
                    </Info>
                  </SubItem>
                  <SubItem>
                    <Name>Button1</Name>
                    <Info>
                      <DefaultValue>0</DefaultValue>
                    </Info>
                  </SubItem>
                </Info>
                <Flags>
                  <Access>ro</Access>
                </Flags>
              </Object>
              <Object>
                <Index>#x7000</Index>
                <Name>LEDgroup0</Name>
                <Type>DT7000</Type>
                <BitSize>24</BitSize>
                <Info>
                  <SubItem>
                    <Name>Max SubIndex</Name>
                    <Info>
                      <DefaultValue>1</DefaultValue>
                    </Info>
                  </SubItem>
                  <SubItem>
                    <Name>LED0</Name>
                    <Info>
                      <DefaultValue>0</DefaultValue>
                    </Info>
                  </SubItem>
                </Info>
                <Flags>
                  <Access>ro</Access>
                </Flags>
              </Object>
              <Object>
                <Index>#x7001</Index>
                <Name>LEDgroup1</Name>
                <Type>DT7001</Type>
                <BitSize>24</BitSize>
                <Info>
                  <SubItem>
                    <Name>Max SubIndex</Name>
                    <Info>
                      <DefaultValue>1</DefaultValue>
                    </Info>
                  </SubItem>
                  <SubItem>
                    <Name>LED1</Name>
                    <Info>
                      <DefaultValue>0</DefaultValue>
                    </Info>
                  </SubItem>
                </Info>
                <Flags>
                  <Access>ro</Access>
                </Flags>
              </Object>
              <Object>
                <Index>#x8000</Index>
                <Name>Parameters</Name>
                <Type>DT8000</Type>
                <BitSize>48</BitSize>
                <Info>
                  <SubItem>
                    <Name>Max SubIndex</Name>
                    <Info>
                      <DefaultValue>1</DefaultValue>
                    </Info>
                  </SubItem>
                  <SubItem>
                    <Name>Multiplier</Name>
                    <Info>
                      <DefaultValue>0</DefaultValue>
                    </Info>
                  </SubItem>
                </Info>
                <Flags>
                  <Access>ro</Access>
                </Flags>
              </Object>
              <Object>
                <Index>#x8001</Index>
                <Name>variableRW</Name>
                <Type>UDINT</Type>
                <BitSize>32</BitSize>
                <Info>
                  <DefaultValue>0</DefaultValue>
                </Info>
                <Flags>
                  <Access>ro</Access>
                </Flags>
              </Object>
            </Objects>
          </Dictionary>
        </Profile>
        <Fmmu>Outputs</Fmmu>
        <Fmmu>Inputs</Fmmu>
        <Fmmu>MBoxState</Fmmu>
        <Sm ControlByte="#x26" DefaultSize="128" Enable="1" StartAddress="#x1000">MBoxOut</Sm>
        <Sm ControlByte="#x22" DefaultSize="128" Enable="1" StartAddress="#x1080">MBoxIn</Sm>
        <Sm ControlByte="#x64" Enable="1" StartAddress="#x1100">Outputs</Sm>
        <Sm ControlByte="#x20" Enable="1" StartAddress="#x1180">Inputs</Sm>
        <RxPdo Fixed="true" Mandatory="true" Sm="2">
          <Index>#x1600</Index>
          <Name>LEDgroup0</Name>
          <Entry>
            <Index>#x7000</Index>
            <SubIndex>#x1</SubIndex>
            <BitLen>8</BitLen>
            <Name>LED0</Name>
            <DataType>USINT</DataType>
          </Entry>
        </RxPdo>
        <RxPdo Fixed="true" Mandatory="true" Sm="2">
          <Index>#x1601</Index>
          <Name>LEDgroup1</Name>
          <Entry>
            <Index>#x7001</Index>
            <SubIndex>#x1</SubIndex>
            <BitLen>8</BitLen>
            <Name>LED1</Name>
            <DataType>USINT</DataType>
          </Entry>
        </RxPdo>
        <TxPdo Fixed="true" Mandatory="true" Sm="3">
          <Index>#x1A00</Index>
          <Name>Buttons</Name>
          <Entry>
            <Index>#x6000</Index>
            <SubIndex>#x1</SubIndex>
            <BitLen>8</BitLen>
            <Name>Button1</Name>
            <DataType>USINT</DataType>
          </Entry>
        </TxPdo>
        <Mailbox DataLinkLayer="true">
          <EoE/>
          <CoE CompleteAccess="false" PdoAssign="false" PdoUpload="false" SdoInfo="true"/>
        </Mailbox>
        <Eeprom>
          <ByteSize>256</ByteSize>
          <ConfigData>8006810600000000</ConfigData>
          <BootStrap>0010800080108000</BootStrap>
        </Eeprom>
      </Device>
    </Devices>
  </Descriptions>
</EtherCATInfo>