<?xml version="1.0" encoding="UTF-8"?>
<EtherCATInfo>
  <Vendor>
    <Id>#x1337</Id>
    <Name LcId="1033">rt-labs</Name>
  </Vendor>
  <Descriptions>
    <Groups>
      <Group>
        <Type>xmc4</Type>
        <Name LcId="1033">xmc4</Name>
      </Group>
    </Groups>
    <Devices>
      <Device Physics="YY">
        <Type ProductCode="#x4800" RevisionNo="0">xmc48relax</Type>
        <Name LcId="1033">xmc48relax</Name>
        <GroupType>xmc4</GroupType>
        <Profile>
          <ProfileNo>5001</ProfileNo>
          <AddInfo>0</AddInfo>
          <Dictionary>
            <DataTypes>
              <DataType>
                <Name>DT1018</Name>
                <BitSize>144</BitSize>
                <SubItem>
                  <SubIdx>0</SubIdx>
                  <Name>Max SubIndex</Name>
                  <Type>USINT</Type>
                  <BitSize>8</BitSize>
                  <BitOffs>0</BitOffs>
                  <Flags>
                    <Access>ro</Access>
                  </Flags>
                </SubItem>
                <SubItem>
                  <SubIdx>1</SubIdx>
                  <Name>Vendor ID</Name>
                  <Type>UDINT</Type>
                  <BitSize>32</BitSize>
                  <BitOffs>16</BitOffs>
                  <Flags>
                    <Access>ro</Access>
                  </Flags>
                </SubItem>
                <SubItem>
                  <SubIdx>2</SubIdx>
                  <Name>Product Code</Name>
                  <Type>UDINT</Type>
                  <BitSize>32</BitSize>
                  <BitOffs>48</BitOffs>
                  <Flags>
                    <Access>ro</Access>
                  </Flags>
                </SubItem>
                <SubItem>
                  <SubIdx>3</SubIdx>
                  <Name>Revision Number</Name>
                  <Type>UDINT</Type>
                  <BitSize>32</BitSize>
                  <BitOffs>80</BitOffs>
                  <Flags>
                    <Access>ro</Access>
                  </Flags>
                </SubItem>
                <SubItem>
                  <SubIdx>4</SubIdx>
                  <Name>Serial Number</Name>
                  <Type>UDINT</Type>
                  <BitSize>32</BitSize>
                  <BitOffs>112</BitOffs>
                  <Flags>
                    <Access>ro</Access>
                  </Flags>
                </SubItem>
              </DataType>
              <DataType>
                <Name>DT10F1</Name>
                <BitSize>64</BitSize>
                <SubItem>
                  <SubIdx>0</SubIdx>
                  <Name>Max SubIndex</Name>
                  <Type>USINT</Type>
                  <BitSize>8</BitSize>
                  <BitOffs>0</BitOffs>
                  <Flags>
                    <Access>ro</Access>
                  </Flags>
                </SubItem>
                <SubItem>
                  <SubIdx>1</SubIdx>
                  <Name>Local Error Reaction</Name>
                  <Type>UDINT</Type>
                  <BitSize>32</BitSize>
                  <BitOffs>16</BitOffs>
                  <Flags>
                    <Access>rw</Access>
                  </Flags>
                </SubItem>
                <SubItem>
                  <SubIdx>2</SubIdx>
                  <Name>SyncErrorCounterLimit</Name>
                  <Type>UINT</Type>
                  <BitSize>16</BitSize>
                  <BitOffs>48</BitOffs>
                  <Flags>
                    <Access>rw</Access>
                  </Flags>
                </SubItem>
              </DataType>
              <DataType>
                <Name>DT1600</Name>
                <BitSize>48</BitSize>
                <SubItem>
                  <SubIdx>0</SubIdx>
                  <Name>Max SubIndex</Name>
                  <Type>USINT</Type>
                  <BitSize>8</BitSize>
                  <BitOffs>0</BitOffs>
                  <Flags>
                    <Access>ro</Access>
                  </Flags>
                </SubItem>
                <SubItem>
                  <SubIdx>1</SubIdx>
                  <Name>LED0</Name>
                  <Type>UDINT</Type>
                  <BitSize>32</BitSize>
                  <BitOffs>16</BitOffs>
                  <Flags>
                    <Access>ro</Access>
                  </Flags>
                </SubItem>
              </DataType>
              <DataType>
                <Name>DT1601</Name>
                <BitSize>48</BitSize>
                <SubItem>
                  <SubIdx>0</SubIdx>
                  <Name>Max SubIndex</Name>
                  <Type>USINT</Type>
                  <BitSize>8</BitSize>
                  <BitOffs>0</BitOffs>
                  <Flags>
                    <Access>ro</Access>
                  </Flags>
                </SubItem>
                <SubItem>
                  <SubIdx>1</SubIdx>
                  <Name>LED1</Name>
                  <Type>UDINT</Type>
                  <BitSize>32</BitSize>
                  <BitOffs>16</BitOffs>
                  <Flags>
                    <Access>ro</Access>
                  </Flags>
                </SubItem>
              </DataType>
              <DataType>
                <Name>DT1602</Name>
                <BitSize>272</BitSize>
                <SubItem>
                  <SubIdx>0</SubIdx>
                  <Name>Max SubIndex</Name>
                  <Type>USINT</Type>
                  <BitSize>8</BitSize>
                  <BitOffs>0</BitOffs>
                  <Flags>
                    <Access WriteRestrictions="PreOP">rw</Access>
                  </Flags>
                </SubItem>
                <SubItem>
                  <SubIdx>1</SubIdx>
                  <Name>PDO Entry 1602:01</Name>
                  <Type>UDINT</Type>
                  <BitSize>32</BitSize>
                  <BitOffs>16</BitOffs>
                  <Flags>
                    <Access WriteRestrictions="PreOP">rw</Access>
                  </Flags>
                </SubItem>
                <SubItem>
                  <SubIdx>2</SubIdx>
                  <Name>PDO Entry 1602:02</Name>
                  <Type>UDINT</Type>
                  <BitSize>32</BitSize>
                  <BitOffs>48</BitOffs>
                  <Flags>
                    <Access WriteRestrictions="PreOP">rw</Access>
                  </Flags>
                </SubItem>
                <SubItem>
                  <SubIdx>3</SubIdx>
                  <Name>PDO Entry 1602:03</Name>
                  <Type>UDINT</Type>
                  <BitSize>32</BitSize>
                  <BitOffs>80</BitOffs>
                  <Flags>
                    <Access WriteRestrictions="PreOP">rw</Access>
                  </Flags>
                </SubItem>
                <SubItem>
                  <SubIdx>4</SubIdx>
                  <Name>PDO Entry 1602:04</Name>
                  <Type>UDINT</Type>
                  <BitSize>32</BitSize>
                  <BitOffs>112</BitOffs>
                  <Flags>
                    <Access WriteRestrictions="PreOP">rw</Access>
                  </Flags>
                </SubItem>
                <SubItem>
                  <SubIdx>5</SubIdx>
                  <Name>PDO Entry 1602:05</Name>
                  <Type>UDINT</Type>
                  <BitSize>32</BitSize>
                  <BitOffs>144</BitOffs>
                  <Flags>
                    <Access WriteRestrictions="PreOP">rw</Access>
                  </Flags>
                </SubItem>
                <SubItem>
                  <SubIdx>6</SubIdx>
                  <Name>PDO Entry 1602:06</Name>
                  <Type>UDINT</Type>
                  <BitSize>32</BitSize>
                  <BitOffs>176</BitOffs>
                  <Flags>
                    <Access WriteRestrictions="PreOP">rw</Access>
                  </Flags>
                </SubItem>
                <SubItem>
                  <SubIdx>7</SubIdx>
                  <Name>PDO Entry 1602:07</Name>
                  <Type>UDINT</Type>
                  <BitSize>32</BitSize>
                  <BitOffs>208</BitOffs>
                  <Flags>
                    <Access WriteRestrictions="PreOP">rw</Access>
                  </Flags>
                </SubItem>
                <SubItem>
                  <SubIdx>8</SubIdx>
                  <Name>PDO Entry 1602:08</Name>
                  <Type>UDINT</Type>
                  <BitSize>32</BitSize>
                  <BitOffs>240</BitOffs>
                  <Flags>
                    <Access WriteRestrictions="PreOP">rw</Access>
                  </Flags>
                </SubItem>
              </DataType>
              <DataType>
                <Name>DT1A00</Name>
                <BitSize>48</BitSize>
                <SubItem>
                  <SubIdx>0</SubIdx>
                  <Name>Max SubIndex</Name>
                  <Type>USINT</Type>
                  <BitSize>8</BitSize>
                  <BitOffs>0</BitOffs>
                  <Flags>
                    <Access>ro</Access>
                  </Flags>
                </SubItem>
                <SubItem>
                  <SubIdx>1</SubIdx>
                  <Name>Button1</Name>
                  <Type>UDINT</Type>
                  <BitSize>32</BitSize>
                  <BitOffs>16</BitOffs>
                  <Flags>
                    <Access>ro</Access>
                  </Flags>
                </SubItem>
              </DataType>
              <DataType>
                <Name>DT1A01</Name>
                <BitSize>272</BitSize>
                <SubItem>
                  <SubIdx>0</SubIdx>
                  <Name>Max SubIndex</Name>
                  <Type>USINT</Type>
                  <BitSize>8</BitSize>
                  <BitOffs>0</BitOffs>
                  <Flags>
                    <Access WriteRestrictions="PreOP">rw</Access>
                  </Flags>
                </SubItem>
                <SubItem>
                  <SubIdx>1</SubIdx>
                  <Name>PDO Entry 1A01:01</Name>
                  <Type>UDINT</Type>
                  <BitSize>32</BitSize>
                  <BitOffs>16</BitOffs>
                  <Flags>
                    <Access WriteRestrictions="PreOP">rw</Access>
                  </Flags>
                </SubItem>
                <SubItem>
                  <SubIdx>2</SubIdx>
                  <Name>PDO Entry 1A01:02</Name>
                  <Type>UDINT</Type>
                  <BitSize>32</BitSize>
                  <BitOffs>48</BitOffs>
                  <Flags>
                    <Access WriteRestrictions="PreOP">rw</Access>
                  </Flags>
                </SubItem>
                <SubItem>
                  <SubIdx>3</SubIdx>
                  <Name>PDO Entry 1A01:03</Name>
                  <Type>UDINT</Type>
                  <BitSize>32</BitSize>
                  <BitOffs>80</BitOffs>
                  <Flags>
                    <Access WriteRestrictions="PreOP">rw</Access>
                  </Flags>
                </SubItem>
                <SubItem>
                  <SubIdx>4</SubIdx>
                  <Name>PDO Entry 1A01:04</Name>
                  <Type>UDINT</Type>
                  <BitSize>32</BitSize>
                  <BitOffs>112</BitOffs>
                  <Flags>
                    <Access WriteRestrictions="PreOP">rw</Access>
                  </Flags>
                </SubItem>
                <SubItem>
                  <SubIdx>5</SubIdx>
                  <Name>PDO Entry 1A01:05</Name>
                  <Type>UDINT</Type>
                  <BitSize>32</BitSize>
                  <BitOffs>144</BitOffs>
                  <Flags>
                    <Access WriteRestrictions="PreOP">rw</Access>
                  </Flags>
                </SubItem>
                <SubItem>
                  <SubIdx>6</SubIdx>
                  <Name>PDO Entry 1A01:06</Name>
                  <Type>UDINT</Type>
                  <BitSize>32</BitSize>
                  <BitOffs>176</BitOffs>
                  <Flags>
                    <Access WriteRestrictions="PreOP">rw</Access>
                  </Flags>
                </SubItem>
                <SubItem>
                  <SubIdx>7</SubIdx>
                  <Name>PDO Entry 1A01:07</Name>
                  <Type>UDINT</Type>
                  <BitSize>32</BitSize>
                  <BitOffs>208</BitOffs>
                  <Flags>
                    <Access WriteRestrictions="PreOP">rw</Access>
                  </Flags>
                </SubItem>
                <SubItem>
                  <SubIdx>8</SubIdx>
                  <Name>PDO Entry 1A01:08</Name>
                  <Type>UDINT</Type>
                  <BitSize>32</BitSize>
                  <BitOffs>240</BitOffs>
                  <Flags>
                    <Access WriteRestrictions="PreOP">rw</Access>
                  </Flags>
                </SubItem>
              </DataType>
              <DataType>
                <Name>DT1C00ARR</Name>
                <BaseType>USINT</BaseType>
                <BitSize>32</BitSize>
                <ArrayInfo>
                  <LBound>1</LBound>
                  <Elements>4</Elements>
                </ArrayInfo>
              </DataType>
              <DataType>
                <Name>DT1C00</Name>
                <BitSize>48</BitSize>
                <SubItem>
                  <SubIdx>0</SubIdx>
                  <Name>Max SubIndex</Name>
                  <Type>USINT</Type>
                  <BitSize>8</BitSize>
                  <BitOffs>0</BitOffs>
                  <Flags>
                    <Access>ro</Access>
                  </Flags>
                </SubItem>
                <SubItem>
                  <Name>Elements</Name>
                  <Type>DT1C00ARR</Type>
                  <BitSize>32</BitSize>
                  <BitOffs>16</BitOffs>
                  <Flags>
                    <Access>ro</Access>
                  </Flags>
                </SubItem>
              </DataType>
              <DataType>
                <Name>DT1C12ARR</Name>
                <BaseType>UINT</BaseType>
                <BitSize>128</BitSize>
                <ArrayInfo>
                  <LBound>1</LBound>
                  <Elements>8</Elements>
                </ArrayInfo>
              </DataType>
              <DataType>
                <Name>DT1C12</Name>
                <BitSize>144</BitSize>
                <SubItem>
                  <SubIdx>0</SubIdx>
                  <Name>Max SubIndex</Name>
                  <Type>USINT</Type>
                  <BitSize>8</BitSize>
                  <BitOffs>0</BitOffs>
                  <Flags>
                    <Access WriteRestrictions="PreOP">rw</Access>
                  </Flags>
                </SubItem>
                <SubItem>
                  <Name>Elements</Name>
                  <Type>DT1C12ARR</Type>
                  <BitSize>128</BitSize>
                  <BitOffs>16</BitOffs>
                  <Flags>
                    <Access WriteRestrictions="PreOP">rw</Access>
                  </Flags>
                </SubItem>
              </DataType>
              <DataType>
                <Name>DT1C13ARR</Name>
                <BaseType>UINT</BaseType>
                <BitSize>128</BitSize>
                <ArrayInfo>
                  <LBound>1</LBound>
                  <Elements>8</Elements>
                </ArrayInfo>
              </DataType>
              <DataType>
                <Name>DT1C13</Name>
                <BitSize>144</BitSize>
                <SubItem>
                  <SubIdx>0</SubIdx>
                  <Name>Max SubIndex</Name>
                  <Type>USINT</Type>
                  <BitSize>8</BitSize>
                  <BitOffs>0</BitOffs>
                  <Flags>
                    <Access WriteRestrictions="PreOP">rw</Access>
                  </Flags>
                </SubItem>
                <SubItem>
                  <Name>Elements</Name>
                  <Type>DT1C13ARR</Type>
                  <BitSize>128</BitSize>
                  <BitOffs>16</BitOffs>
                  <Flags>
                    <Access WriteRestrictions="PreOP">rw</Access>
                  </Flags>
                </SubItem>
              </DataType>
              <DataType>
                <Name>DT1C32</Name>
                <BitSize>488</BitSize>
                <SubItem>
                  <SubIdx>0</SubIdx>
                  <Name>Max SubIndex</Name>
                  <Type>USINT</Type>
                  <BitSize>8</BitSize>
                  <BitOffs>0</BitOffs>
                  <Flags>
                    <Access>ro</Access>
                  </Flags>
                </SubItem>
                <SubItem>
                  <SubIdx>1</SubIdx>
                  <Name>Sync mode</Name>
                  <Type>UINT</Type>
                  <BitSize>16</BitSize>
                  <BitOffs>16</BitOffs>
                  <Flags>
                    <Access>rw</Access>
                  </Flags>
                </SubItem>
                <SubItem>
                  <SubIdx>2</SubIdx>
                  <Name>CycleTime</Name>
                  <Type>UDINT</Type>
                  <BitSize>32</BitSize>
                  <BitOffs>32</BitOffs>
                  <Flags>
                    <Access>ro</Access>
                  </Flags>
                </SubItem>
                <SubItem>
                  <SubIdx>3</SubIdx>
                  <Name>ShiftTime</Name>
                  <Type>UDINT</Type>
                  <BitSize>32</BitSize>
                  <BitOffs>64</BitOffs>
                  <Flags>
                    <Access>ro</Access>
                  </Flags>
                </SubItem>
                <SubItem>
                  <SubIdx>4</SubIdx>
                  <Name>Sync modes supported</Name>
                  <Type>UINT</Type>
                  <BitSize>16</BitSize>
                  <BitOffs>96</BitOffs>
                  <Flags>
                    <Access>ro</Access>
                  </Flags>
                </SubItem>
                <SubItem>
                  <SubIdx>5</SubIdx>
                  <Name>Minimum Cycle Time</Name>
                  <Type>UDINT</Type>
                  <BitSize>32</BitSize>
                  <BitOffs>112</BitOffs>
                  <Flags>
                    <Access>ro</Access>
                  </Flags>
                </SubItem>
                <SubItem>
                  <SubIdx>6</SubIdx>
                  <Name>Calc and Copy Time</Name>
                  <Type>UDINT</Type>
                  <BitSize>32</BitSize>
                  <BitOffs>144</BitOffs>
                  <Flags>
                    <Access>ro</Access>
                  </Flags>
                </SubItem>
                <SubItem>
                  <SubIdx>7</SubIdx>
                  <Name>Minimum Delay Time</Name>
                  <Type>UDINT</Type>
                  <BitSize>32</BitSize>
                  <BitOffs>176</BitOffs>
                  <Flags>
                    <Access>ro</Access>
                  </Flags>
                </SubItem>
                <SubItem>
                  <SubIdx>8</SubIdx>
                  <Name>GetCycleTime</Name>
                  <Type>UINT</Type>
                  <BitSize>16</BitSize>
                  <BitOffs>208</BitOffs>
                  <Flags>
                    <Access>ro</Access>
                  </Flags>
                </SubItem>
                <SubItem>
                  <SubIdx>9</SubIdx>
                  <Name>DelayTime</Name>
                  <Type>UDINT</Type>
                  <BitSize>32</BitSize>
                  <BitOffs>224</BitOffs>
                  <Flags>
                    <Access>ro</Access>
                  </Flags>
                </SubItem>
                <SubItem>
                  <SubIdx>10</SubIdx>
                  <Name>Sync0CycleTime</Name>
                  <Type>UDINT</Type>
                  <BitSize>32</BitSize>
                  <BitOffs>256</BitOffs>
                  <Flags>
                    <Access>ro</Access>
                  </Flags>
                </SubItem>
                <SubItem>
                  <SubIdx>11</SubIdx>
                  <Name>SMEventMissedCnt</Name>
                  <Type>UINT</Type>
                  <BitSize>16</BitSize>
                  <BitOffs>288</BitOffs>
                  <Flags>
                    <Access>ro</Access>
                  </Flags>
                </SubItem>
                <SubItem>
                  <SubIdx>12</SubIdx>
                  <Name>CycleTimeTooSmallCnt</Name>
                  <Type>UINT</Type>
                  <BitSize>16</BitSize>
                  <BitOffs>304</BitOffs>
                  <Flags>
                    <Access>ro</Access>
                  </Flags>
                </SubItem>
                <SubItem>
                  <SubIdx>13</SubIdx>
                  <Name>Shift too short counter</Name>
                  <Type>UINT</Type>
                  <BitSize>16</BitSize>
                  <BitOffs>320</BitOffs>
                  <Flags>
                    <Access>ro</Access>
                  </Flags>
                </SubItem>
                <SubItem>
                  <SubIdx>14</SubIdx>
                  <Name>RxPDOToggleFailed</Name>
                  <Type>UINT</Type>
                  <BitSize>16</BitSize>
                  <BitOffs>336</BitOffs>
                  <Flags>
                    <Access>ro</Access>
                  </Flags>
                </SubItem>
                <SubItem>
                  <SubIdx>15</SubIdx>
                  <Name>Minimum Cycle Distance</Name>
                  <Type>UDINT</Type>
                  <BitSize>32</BitSize>
                  <BitOffs>352</BitOffs>
                  <Flags>
                    <Access>ro</Access>
                  </Flags>
                </SubItem>
                <SubItem>
                  <SubIdx>16</SubIdx>
                  <Name>Maximum Cycle Distance</Name>
                  <Type>UDINT</Type>
                  <BitSize>32</BitSize>
                  <BitOffs>384</BitOffs>
                  <Flags>
                    <Access>ro</Access>
                  </Flags>
                </SubItem>
                <SubItem>
                  <SubIdx>17</SubIdx>
                  <Name>Minimum SM Sync Distance</Name>
                  <Type>UDINT</Type>
                  <BitSize>32</BitSize>
                  <BitOffs>416</BitOffs>
                  <Flags>
                    <Access>ro</Access>
                  </Flags>
                </SubItem>
                <SubItem>
                  <SubIdx>18</SubIdx>
                  <Name>Maximum SM Sync Distance</Name>
                  <Type>UDINT</Type>
                  <BitSize>32</BitSize>
                  <BitOffs>448</BitOffs>
                  <Flags>
                    <Access>ro</Access>
                  </Flags>
                </SubItem>
                <SubItem>
                  <SubIdx>32</SubIdx>
                  <Name>SyncError</Name>
                  <Type>BOOL</Type>
                  <BitSize>1</BitSize>
                  <BitOffs>480</BitOffs>
                  <Flags>
                    <Access>ro</Access>
                  </Flags>
                </SubItem>
              </DataType>
              <DataType>
                <Name>DT6000</Name>
                <BitSize>24</BitSize>
                <SubItem>
                  <SubIdx>0</SubIdx>
                  <Name>Max SubIndex</Name>
                  <Type>USINT</Type>
                  <BitSize>8</BitSize>
                  <BitOffs>0</BitOffs>
                  <Flags>
                    <Access>ro</Access>
                  </Flags>
                </SubItem>
                <SubItem>
                  <SubIdx>1</SubIdx>
                  <Name>Button1</Name>
                  <Type>USINT</Type>
                  <BitSize>8</BitSize>
                  <BitOffs>16</BitOffs>
                  <Flags>
                    <Access>ro</Access>
                    <PdoMapping>T</PdoMapping>
                  </Flags>
                </SubItem>
              </DataType>
              <DataType>
                <Name>DT7000</Name>
                <BitSize>24</BitSize>
                <SubItem>
                  <SubIdx>0</SubIdx>
                  <Name>Max SubIndex</Name>
                  <Type>USINT</Type>
                  <BitSize>8</BitSize>
                  <BitOffs>0</BitOffs>
                  <Flags>
                    <Access>ro</Access>
                  </Flags>
                </SubItem>
                <SubItem>
                  <SubIdx>1</SubIdx>
                  <Name>LED0</Name>
                  <Type>USINT</Type>
                  <BitSize>8</BitSize>
                  <BitOffs>16</BitOffs>
                  <Flags>
                    <Access>ro</Access>
                    <PdoMapping>R</PdoMapping>
                  </Flags>
                </SubItem>
              </DataType>
              <DataType>
                <Name>DT7001</Name>
                <BitSize>24</BitSize>
                <SubItem>
                  <SubIdx>0</SubIdx>
                  <Name>Max SubIndex</Name>
                  <Type>USINT</Type>
                  <BitSize>8</BitSize>
                  <BitOffs>0</BitOffs>
                  <Flags>
                    <Access>ro</Access>
                  </Flags>
                </SubItem>
                <SubItem>
                  <SubIdx>1</SubIdx>
                  <Name>LED1</Name>
                  <Type>USINT</Type>
                  <BitSize>8</BitSize>
                  <BitOffs>16</BitOffs>
                  <Flags>
                    <Access>ro</Access>
                    <PdoMapping>R</PdoMapping>
                  </Flags>
                </SubItem>
              </DataType>
              <DataType>
                <Name>DT8000</Name>
                <BitSize>48</BitSize>
                <SubItem>
                  <SubIdx>0</SubIdx>
                  <Name>Max SubIndex</Name>
                  <Type>USINT</Type>
                  <BitSize>8</BitSize>
                  <BitOffs>0</BitOffs>
                  <Flags>
                    <Access>ro</Access>
                  </Flags>
                </SubItem>
                <SubItem>
                  <SubIdx>1</SubIdx>
                  <Name>Multiplier</Name>
                  <Type>UDINT</Type>
                  <BitSize>32</BitSize>
                  <BitOffs>16</BitOffs>
                  <Flags>
                    <Access>ro</Access>
                  </Flags>
                </SubItem>
              </DataType>
              <DataType>
                <Name>STRING(10)</Name>
                <BitSize>80</BitSize>
              </DataType>
              <DataType>
                <Name>BOOL</Name>
                <BitSize>1</BitSize>
              </DataType>
              <DataType>
                <Name>STRING(3)</Name>
                <BitSize>24</BitSize>
              </DataType>
              <DataType>
                <Name>UDINT</Name>
                <BitSize>32</BitSize>
              </DataType>
              <DataType>
                <Name>UINT</Name>
                <BitSize>16</BitSize>
              </DataType>
              <DataType>
                <Name>USINT</Name>
                <BitSize>8</BitSize>
              </DataType>
            </DataTypes>
            <Objects>
              <Object>
                <Index>#x1000</Index>
                <Name>Device Type</Name>
                <Type>UDINT</Type>
                <BitSize>32</BitSize>
                <Info>
                  <DefaultValue>#x00001389</DefaultValue>
                </Info>
                <Flags>
                  <Access>ro</Access>
                  <Category>m</Category>
                </Flags>
              </Object>
              <Object>
                <Index>#x1008</Index>
                <Name>Device Name</Name>
                <Type>STRING(10)</Type>
                <BitSize>80</BitSize>
                <Info>
                  <DefaultString>xmc48relax</DefaultString>
                </Info>
                <Flags>
                  <Access>ro</Access>
                </Flags>
              </Object>
              <Object>
                <Index>#x1009</Index>
                <Name>Hardware Version</Name>
                <Type>STRING(3)</Type>
                <BitSize>24</BitSize>
                <Info>
                  <DefaultString>1.0</DefaultString>
                </Info>
                <Flags>
                  <Access>ro</Access>
                  <Category>o</Category>
                </Flags>
              </Object>
              <Object>
                <Index>#x100A</Index>
                <Name>Software Version</Name>
                <Type>STRING(3)</Type>
                <BitSize>24</BitSize>
                <Info>
                  <DefaultString>1.0</DefaultString>
                </Info>
                <Flags>
                  <Access>ro</Access>
                </Flags>
              </Object>
              <Object>
                <Index>#x1018</Index>
                <Name>Identity Object</Name>
                <Type>DT1018</Type>
                <BitSize>144</BitSize>
                <Info>
                  <SubItem>
                    <Name>Max SubIndex</Name>
                    <Info>
                      <DefaultValue>4</DefaultValue>
                    </Info>
                  </SubItem>
                  <SubItem>
                    <Name>Vendor ID</Name>
                    <Info>
                      <DefaultValue>#x1337</DefaultValue>
                    </Info>
                  </SubItem>
                  <SubItem>
                    <Name>Product Code</Name>
                    <Info>
                      <DefaultValue>#x4800</DefaultValue>
                    </Info>
                  </SubItem>
                  <SubItem>
                    <Name>Revision Number</Name>
                    <Info>
                      <DefaultValue>0</DefaultValue>
                    </Info>
                  </SubItem>
                  <SubItem>
                    <Name>Serial Number</Name>
                    <Info>
                      <DefaultValue>#x00000000</DefaultValue>
                    </Info>
                  </SubItem>
                </Info>
                <Flags>
                  <Access>ro</Access>
                </Flags>
              </Object>
              <Object>
                <Index>#x10F1</Index>
                <Name>ErrorSettings</Name>
                <Type>DT10F1</Type>
                <BitSize>64</BitSize>
                <Info>
                  <SubItem>
                    <Name>Max SubIndex</Name>
                    <Info>
                      <DefaultValue>2</DefaultValue>
                    </Info>
                  </SubItem>
                  <SubItem>
                    <Name>Local Error Reaction</Name>
                    <Info>
                      <DefaultValue>0</DefaultValue>
                    </Info>
                  </SubItem>
                  <SubItem>
                    <Name>SyncErrorCounterLimit</Name>
                    <Info>
                      <DefaultValue>2</DefaultValue>
                    </Info>
                  </SubItem>
                </Info>
                <Flags>
                  <Access>ro</Access>
                </Flags>
              </Object>
              <Object>
                <Index>#x1600</Index>
                <Name>RXPDO 1</Name>
                <Type>DT1600</Type>
                <BitSize>48</BitSize>
                <Info>
                  <SubItem>
                    <Name>Max SubIndex</Name>
                    <Info>
                      <DefaultValue>1</DefaultValue>
                    </Info>
                  </SubItem>
                  <SubItem>
                    <Name>LED0</Name>
                    <Info>
                      <DefaultValue>#x70000108</DefaultValue>
                    </Info>
                  </SubItem>
                </Info>
                <Flags>
                  <Access>ro</Access>
                </Flags>
              </Object>
              <Object>
                <Index>#x1601</Index>
                <Name>RXPDO 2</Name>
                <Type>DT1601</Type>
                <BitSize>48</BitSize>
                <Info>
                  <SubItem>
                    <Name>Max SubIndex</Name>
                    <Info>
                      <DefaultValue>1</DefaultValue>
                    </Info>
                  </SubItem>
                  <SubItem>
                    <Name>LED1</Name>
                    <Info>
                      <DefaultValue>#x70010108</DefaultValue>
                    </Info>
                  </SubItem>
                </Info>
                <Flags>
                  <Access>ro</Access>
                </Flags>
              </Object>
              <Object>
                <Index>#x1602</Index>
                <Name>RXPDO 3</Name>
                <Type>DT1602</Type>
                <BitSize>272</BitSize>
                <Info>
                  <SubItem>
                    <Name>Max SubIndex</Name>
                    <Info>
                      <DefaultValue>8</DefaultValue>
                    </Info>
                  </SubItem>
                  <SubItem>
                    <Name>PDO Entry 1602:01</Name>
                    <Info>
                      <DefaultValue>#x00000000</DefaultValue>
                    </Info>
                  </SubItem>
                  <SubItem>
                    <Name>PDO Entry 1602:02</Name>
                    <Info>
                      <DefaultValue>#x00000000</DefaultValue>
                    </Info>
                  </SubItem>
                  <SubItem>
                    <Name>PDO Entry 1602:03</Name>
                    <Info>
                      <DefaultValue>#x00000000</DefaultValue>
                    </Info>
                  </SubItem>
                  <SubItem>
                    <Name>PDO Entry 1602:04</Name>
                    <Info>
                      <DefaultValue>#x00000000</DefaultValue>
                    </Info>
                  </SubItem>
                  <SubItem>
                    <Name>PDO Entry 1602:05</Name>
                    <Info>
                      <DefaultValue>#x00000000</DefaultValue>
                    </Info>
                  </SubItem>
                  <SubItem>
                    <Name>PDO Entry 1602:06</Name>
                    <Info>
                      <DefaultValue>#x00000000</DefaultValue>
                    </Info>
                  </SubItem>
                  <SubItem>
                    <Name>PDO Entry 1602:07</Name>
                    <Info>
                      <DefaultValue>#x00000000</DefaultValue>
                    </Info>
                  </SubItem>
                  <SubItem>
                    <Name>PDO Entry 1602:08</Name>
                    <Info>
                      <DefaultValue>#x00000000</DefaultValue>
                    </Info>
                  </SubItem>
                </Info>
                <Flags>
                  <Access>rw</Access>
                </Flags>
              </Object>
              <Object>
                <Index>#x1A00</Index>
                <Name>TXPDO 1</Name>
                <Type>DT1A00</Type>
                <BitSize>48</BitSize>
                <Info>
                  <SubItem>
                    <Name>Max SubIndex</Name>
                    <Info>
                      <DefaultValue>1</DefaultValue>
                    </Info>
                  </SubItem>
                  <SubItem>
                    <Name>Button1</Name>
                    <Info>
                      <DefaultValue>#x60000108</DefaultValue>
                    </Info>
                  </SubItem>
                </Info>
                <Flags>
                  <Access>ro</Access>
                </Flags>
              </Object>
              <Object>
                <Index>#x1A01</Index>
                <Name>TXPDO 2</Name>
                <Type>DT1A01</Type>
                <BitSize>272</BitSize>
                <Info>
                  <SubItem>
                    <Name>Max SubIndex</Name>
                    <Info>
                      <DefaultValue>8</DefaultValue>
                    </Info>
                  </SubItem>
                  <SubItem>
                    <Name>PDO Entry 1A01:01</Name>
                    <Info>
                      <DefaultValue>#x00000000</DefaultValue>
                    </Info>
                  </SubItem>
                  <SubItem>
                    <Name>PDO Entry 1A01:02</Name>
                    <Info>
                      <DefaultValue>#x00000000</DefaultValue>
                    </Info>
                  </SubItem>
                  <SubItem>
                    <Name>PDO Entry 1A01:03</Name>
                    <Info>
                      <DefaultValue>#x00000000</DefaultValue>
                    </Info>
                  </SubItem>
                  <SubItem>
                    <Name>PDO Entry 1A01:04</Name>
                    <Info>
                      <DefaultValue>#x00000000</DefaultValue>
                    </Info>
                  </SubItem>
                  <SubItem>
                    <Name>PDO Entry 1A01:05</Name>
                    <Info>
                      <DefaultValue>#x00000000</DefaultValue>
                    </Info>
                  </SubItem>
                  <SubItem>
                    <Name>PDO Entry 1A01:06</Name>
                    <Info>
                      <DefaultValue>#x00000000</DefaultValue>
                    </Info>
                  </SubItem>
                  <SubItem>
                    <Name>PDO Entry 1A01:07</Name>
                    <Info>
                      <DefaultValue>#x00000000</DefaultValue>
                    </Info>
                  </SubItem>
                  <SubItem>
                    <Name>PDO Entry 1A01:08</Name>
                    <Info>
                      <DefaultValue>#x00000000</DefaultValue>
                    </Info>
                  </SubItem>
                </Info>
                <Flags>
                  <Access>rw</Access>
                </Flags>
              </Object>
              <Object>
                <Index>#x1C00</Index>
                <Name>Sync Manager Communication Type</Name>
                <Type>DT1C00</Type>
                <BitSize>48</BitSize>
                <Info>
                  <SubItem>
                    <Name>Max SubIndex</Name>
                    <Info>
                      <DefaultValue>4</DefaultValue>
                    </Info>
                  </SubItem>
                  <SubItem>
                    <Name>Communications Type SM0</Name>
                    <Info>
                      <DefaultValue>1</DefaultValue>
                    </Info>
                  </SubItem>
                  <SubItem>
                    <Name>Communications Type SM1</Name>
                    <Info>
                      <DefaultValue>2</DefaultValue>
                    </Info>
                  </SubItem>
                  <SubItem>
                    <Name>Communications Type SM2</Name>
                    <Info>
                      <DefaultValue>3</DefaultValue>
                    </Info>
                  </SubItem>
                  <SubItem>
                    <Name>Communications Type SM3</Name>
                    <Info>
                      <DefaultValue>4</DefaultValue>
                    </Info>
                  </SubItem>
                </Info>
                <Flags>
                  <Access>ro</Access>
                </Flags>
              </Object>
              <Object>
                <Index>#x1C12</Index>
                <Name>Sync Manager 2 PDO Assignment</Name>
                <Type>DT1C12</Type>
                <BitSize>144</BitSize>
                <Info>
                  <SubItem>
                    <Name>Max SubIndex</Name>
                    <Info>
                      <DefaultValue>8</DefaultValue>
                    </Info>
                  </SubItem>
                  <SubItem>
                    <Name>PDO Mapping</Name>
                    <Info>
                      <DefaultValue>#x1600</DefaultValue>
                    </Info>
                  </SubItem>
                  <SubItem>
                    <Name>PDO Mapping</Name>
                    <Info>
                      <DefaultValue>#x1601</DefaultValue>
                    </Info>
                  </SubItem>
                  <SubItem>
                    <Name>SM Entry 1C12:03</Name>
                    <Info>
                      <DefaultValue>#x0000</DefaultValue>
                    </Info>
                  </SubItem>
                  <SubItem>
                    <Name>SM Entry 1C12:04</Name>
                    <Info>
                      <DefaultValue>#x0000</DefaultValue>
                    </Info>
                  </SubItem>
                  <SubItem>
                    <Name>SM Entry 1C12:05</Name>
                    <Info>
                      <DefaultValue>#x0000</DefaultValue>
                    </Info>
                  </SubItem>
                  <SubItem>
                    <Name>SM Entry 1C12:06</Name>
                    <Info>
                      <DefaultValue>#x0000</DefaultValue>
                    </Info>
                  </SubItem>
                  <SubItem>
                    <Name>SM Entry 1C12:07</Name>
                    <Info>
                      <DefaultValue>#x0000</DefaultValue>
                    </Info>
                  </SubItem>
                  <SubItem>
                    <Name>SM Entry 1C12:08</Name>
                    <Info>
                      <DefaultValue>#x0000</DefaultValue>
                    </Info>
                  </SubItem>
                </Info>
                <Flags>
                  <Access>rw</Access>
                </Flags>
              </Object>
              <Object>
                <Index>#x1C13</Index>
                <Name>Sync Manager 3 PDO Assignment</Name>
                <Type>DT1C13</Type>
                <BitSize>144</BitSize>
                <Info>
                  <SubItem>
                    <Name>Max SubIndex</Name>
                    <Info>
                      <DefaultValue>8</DefaultValue>
                    </Info>
                  </SubItem>
                  <SubItem>
                    <Name>PDO Mapping</Name>
                    <Info>
                      <DefaultValue>#x1A00</DefaultValue>
                    </Info>
                  </SubItem>
                  <SubItem>
                    <Name>SM Entry 1C13:02</Name>
                    <Info>
                      <DefaultValue>#x0000</DefaultValue>
                    </Info>
                  </SubItem>
                  <SubItem>
                    <Name>SM Entry 1C13:03</Name>
                    <Info>
                      <DefaultValue>#x0000</DefaultValue>
                    </Info>
                  </SubItem>
                  <SubItem>
                    <Name>SM Entry 1C13:04</Name>
                    <Info>
                      <DefaultValue>#x0000</DefaultValue>
                    </Info>
                  </SubItem>
                  <SubItem>
                    <Name>SM Entry 1C13:05</Name>
                    <Info>
                      <DefaultValue>#x0000</DefaultValue>
                    </Info>
                  </SubItem>
                  <SubItem>
                    <Name>SM Entry 1C13:06</Name>
                    <Info>
                      <DefaultValue>#x0000</DefaultValue>
                    </Info>
                  </SubItem>
                  <SubItem>
                    <Name>SM Entry 1C13:07</Name>
                    <Info>
                      <DefaultValue>#x0000</DefaultValue>
                    </Info>
                  </SubItem>
                  <SubItem>
                    <Name>SM Entry 1C13:08</Name>
                    <Info>
                      <DefaultValue>#x0000</DefaultValue>
                    </Info>
                  </SubItem>
                </Info>
                <Flags>
                  <Access>rw</Access>
                </Flags>
              </Object>
              <Object>
                <Index>#x1C32</Index>
                <Name>SyncMgrParam</Name>
                <Type>DT1C32</Type>
                <BitSize>488</BitSize>
                <Info>
                  <SubItem>
                    <Name>Max SubIndex</Name>
                    <Info>
                      <DefaultValue>32</DefaultValue>
                    </Info>
                  </SubItem>
                  <SubItem>
                    <Name>Sync mode</Name>
                    <Info>
                      <DefaultValue>0</DefaultValue>
                    </Info>
                  </SubItem>
                  <SubItem>
                    <Name>CycleTime</Name>
                    <Info>
                      <DefaultValue>0</DefaultValue>
                    </Info>
                  </SubItem>
                  <SubItem>
                    <Name>ShiftTime</Name>
                    <Info>
                      <DefaultValue>0</DefaultValue>
                    </Info>
                  </SubItem>
                  <SubItem>
                    <Name>Sync modes supported</Name>
                    <Info>
                      <DefaultValue>0</DefaultValue>
                    </Info>
                  </SubItem>
                  <SubItem>
                    <Name>Minimum Cycle Time</Name>
                    <Info>
                      <DefaultValue>125000</DefaultValue>
                    </Info>
                  </SubItem>
                  <SubItem>
                    <Name>Calc and Copy Time</Name>
                    <Info>
                      <DefaultValue>0</DefaultValue>
                    </Info>
                  </SubItem>
                  <SubItem>
                    <Name>Minimum Delay Time</Name>
                    <Info>
                      <DefaultValue>0</DefaultValue>
                    </Info>
                  </SubItem>
                  <SubItem>
                    <Name>GetCycleTime</Name>
                    <Info>
                      <DefaultValue>0</DefaultValue>
                    </Info>
                  </SubItem>
                  <SubItem>
                    <Name>DelayTime</Name>
                    <Info>
                      <DefaultValue>0</DefaultValue>
                    </Info>
                  </SubItem>
                  <SubItem>
                    <Name>Sync0CycleTime</Name>
                    <Info>
                      <DefaultValue>0</DefaultValue>
                    </Info>
                  </SubItem>
                  <SubItem>
                    <Name>SMEventMissedCnt</Name>
                    <Info>
                      <DefaultValue>0</DefaultValue>
                    </Info>
                  </SubItem>
                  <SubItem>
                    <Name>CycleTimeTooSmallCnt</Name>
                    <Info>
                      <DefaultValue>0</DefaultValue>
                    </Info>
                  </SubItem>
                  <SubItem>
                    <Name>Shift too short counter</Name>
                    <Info>
                      <DefaultValue>0</DefaultValue>
                    </Info>
                  </SubItem>
                  <SubItem>
                    <Name>RxPDOToggleFailed</Name>
                    <Info>
                      <DefaultValue>0</DefaultValue>
                    </Info>
                  </SubItem>
                  <SubItem>
                    <Name>Minimum Cycle Distance</Name>
                    <Info>
                      <DefaultValue>0</DefaultValue>
                    </Info>
                  </SubItem>
                  <SubItem>
                    <Name>Maximum Cycle Distance</Name>
                    <Info>
                      <DefaultValue>0</DefaultValue>
                    </Info>
                  </SubItem>
                  <SubItem>
                    <Name>Minimum SM Sync Distance</Name>
                    <Info>
                      <DefaultValue>0</DefaultValue>
                    </Info>
                  </SubItem>
                  <SubItem>
                    <Name>Maximum SM Sync Distance</Name>
                    <Info>
                      <DefaultValue>0</DefaultValue>
                    </Info>
                  </SubItem>
                  <SubItem>
                    <Name>SyncError</Name>
                    <Info>
                      <DefaultValue>0</DefaultValue>
                    </Info>
                  </SubItem>
                </Info>
                <Flags>
                  <Access>ro</Access>
                </Flags>
              </Object>
              <Object>
                <Index>#x6000</Index>
                <Name>Buttons</Name>
                <Type>DT6000</Type>
                <BitSize>24</BitSize>
                <Info>
                  <SubItem>
                    <Name>Max SubIndex</Name>
                    <Info>
                      <DefaultValue>1</DefaultValue>
                    </Info>
                  </SubItem>
                  <SubItem>
                    <Name>Button1</Name>
                    <Info>
                      <DefaultValue>0</DefaultValue>
                    </Info>
                  </SubItem>
                </Info>
                <Flags>
                  <Access>ro</Access>
                </Flags>
              </Object>
              <Object>
                <Index>#x7000</Index>
                <Name>LEDgroup0</Name>
                <Type>DT7000</Type>
                <BitSize>24</BitSize>
                <Info>
                  <SubItem>
                    <Name>Max SubIndex</Name>
                    <Info>
                      <DefaultValue>1</DefaultValue>
                    </Info>
                  </SubItem>
                  <SubItem>
                    <Name>LED0</Name>
                    <Info>
                      <DefaultValue>0</DefaultValue>
                    </Info>
                  </SubItem>
                </Info>
                <Flags>
                  <Access>ro</Access>
                </Flags>
              </Object>
              <Object>
                <Index>#x7001</Index>
                <Name>LEDgroup1</Name>
                <Type>DT7001</Type>
                <BitSize>24</BitSize>
                <Info>
                  <SubItem>
                    <Name>Max SubIndex</Name>
                    <Info>
                      <DefaultValue>1</DefaultValue>
                    </Info>
                  </SubItem>
                  <SubItem>
                    <Name>LED1</Name>
                    <Info>
                      <DefaultValue>0</DefaultValue>
                    </Info>
                  </SubItem>
                </Info>
                <Flags>
                  <Access>ro</Access>
                </Flags>
              </Object>
              <Object>
                <Index>#x8000</Index>
                <Name>Parameters</Name>
                <Type>DT8000</Type>
                <BitSize>48</BitSize>
                <Info>
                  <SubItem>
                    <Name>Max SubIndex</Name>
                    <Info>
                      <DefaultValue>1</DefaultValue>
                    </Info>
                  </SubItem>
                  <SubItem>
                    <Name>Multiplier</Name>
                    <Info>
                      <DefaultValue>0</DefaultValue>
                    </Info>
                  </SubItem>
                </Info>
                <Flags>
                  <Access>ro</Access>
                </Flags>
              </Object>
              <Object>
                <Index>#x8001</Index>
                <Name>variableRW</Name>
                <Type>UDINT</Type>
                <BitSize>32</BitSize>
                <Info>
                  <DefaultValue>0</DefaultValue>
                </Info>
                <Flags>
                  <Access>rw</Access>
                </Flags>
              </Object>
            </Objects>
          </Dictionary>
        </Profile>
        <Fmmu>Outputs</Fmmu>
        <Fmmu>Inputs</Fmmu>
        <Fmmu>MBoxState</Fmmu>
        <Sm ControlByte="#x26" DefaultSize="512" Enable="1" StartAddress="#x1000">MBoxOut</Sm>
        <Sm ControlByte="#x22" DefaultSize="512" Enable="1" StartAddress="#x1200">MBoxIn</Sm>
        <Sm ControlByte="#x64" Enable="1" StartAddress="#x1400">Outputs</Sm>
        <Sm ControlByte="#x20" Enable="1" StartAddress="#x1A00">Inputs</Sm>
        <RxPdo Fixed="true" Mandatory="true" Sm="2">
          <Index>#x1600</Index>
          <Name>RXPDO 1</Name>
          <Entry>
            <Index>#x7000</Index>
            <SubIndex>#x1</SubIndex>
            <BitLen>8</BitLen>
            <Name>LED0</Name>
            <DataType>USINT</DataType>
          </Entry>
        </RxPdo>
        <RxPdo Fixed="true" Mandatory="true" Sm="2">
          <Index>#x1601</Index>
          <Name>RXPDO 2</Name>
          <Entry>
            <Index>#x7001</Index>
            <SubIndex>#x1</SubIndex>
            <BitLen>8</BitLen>
            <Name>LED1</Name>
            <DataType>USINT</DataType>
          </Entry>
        </RxPdo>
        <RxPdo Sm="2">
          <Index>#x1602</Index>
          <Name>RXPDO 3</Name>
        </RxPdo>
        <TxPdo Fixed="true" Mandatory="true" Sm="3">
          <Index>#x1A00</Index>
          <Name>TXPDO 1</Name>
          <Entry>
            <Index>#x6000</Index>
            <SubIndex>#x1</SubIndex>
            <BitLen>8</BitLen>
            <Name>Button1</Name>
            <DataType>USINT</DataType>
          </Entry>
        </TxPdo>
        <TxPdo Sm="3">
          <Index>#x1A01</Index>
          <Name>TXPDO 2</Name>
        </TxPdo>
        <Mailbox DataLinkLayer="true">
          <CoE CompleteAccess="true" PdoAssign="true" PdoConfig="true" PdoUpload="false" SdoInfo="true"/>
        </Mailbox>
        <Eeprom>
          <ByteSize>256</ByteSize>
          <ConfigData>8006810600000000</ConfigData>
          <BootStrap>0010000200120002</BootStrap>
        </Eeprom>
      </Device>
    </Devices>
  </Descriptions>
</EtherCATInfo>